id,kode_provinsi,nama_provinsi,kode_kabupaten_kota,nama_kabupaten_kota,jenis_kelamin,jumlah_kasus,satuan,tahun
1,32,JAWA BARAT,3201,KABUPATEN BOGOR,LAKI-LAKI,8602,ORANG,2019
2,32,JAWA BARAT,3201,KABUPATEN BOGOR,PEREMPUAN,6964,ORANG,2019
3,32,JAWA BARAT,3202,KABUPATEN SUKABUMI,LAKI-LAKI,3208,ORANG,2019
4,32,JAWA BARAT,3202,KABUPATEN SUKABUMI,PEREMPUAN,2857,ORANG,2019
5,32,JAWA BARAT,3203,KABUPATEN CIANJUR,LAKI-LAKI,2584,ORANG,2019
6,32,JAWA BARAT,3203,KABUPATEN CIANJUR,PEREMPUAN,2491,ORANG,2019
7,32,JAWA BARAT,3204,KABUPATEN BANDUNG,LAKI-LAKI,3983,ORANG,2019
8,32,JAWA BARAT,3204,KABUPATEN BANDUNG,PEREMPUAN,3588,ORANG,2019
9,32,JAWA BARAT,3205,KABUPATEN GARUT,LAKI-LAKI,1925,ORANG,2019
10,32,JAWA BARAT,3205,KABUPATEN GARUT,PEREMPUAN,1641,ORANG,2019
11,32,JAWA BARAT,3206,KABUPATEN TASIKMALAYA,LAKI-LAKI,1413,ORANG,2019
12,32,JAWA BARAT,3206,KABUPATEN TASIKMALAYA,PEREMPUAN,1037,ORANG,2019
13,32,JAWA BARAT,3207,KABUPATEN CIAMIS,LAKI-LAKI,866,ORANG,2019
14,32,JAWA BARAT,3207,KABUPATEN CIAMIS,PEREMPUAN,618,ORANG,2019
15,32,JAWA BARAT,3208,KABUPATEN KUNINGAN,LAKI-LAKI,1419,ORANG,2019
16,32,JAWA BARAT,3208,KABUPATEN KUNINGAN,PEREMPUAN,1001,ORANG,2019
17,32,JAWA BARAT,3209,KABUPATEN CIREBON,LAKI-LAKI,3169,ORANG,2019
18,32,JAWA BARAT,3209,KABUPATEN CIREBON,PEREMPUAN,2160,ORANG,2019
19,32,JAWA BARAT,3210,KABUPATEN MAJALENGKA,LAKI-LAKI,1213,ORANG,2019
20,32,JAWA BARAT,3210,KABUPATEN MAJALENGKA,PEREMPUAN,946,ORANG,2019
21,32,JAWA BARAT,3211,KABUPATEN SUMEDANG,LAKI-LAKI,1102,ORANG,2019
22,32,JAWA BARAT,3211,KABUPATEN SUMEDANG,PEREMPUAN,988,ORANG,2019
23,32,JAWA BARAT,3212,KABUPATEN INDRAMAYU,LAKI-LAKI,1375,ORANG,2019
24,32,JAWA BARAT,3212,KABUPATEN INDRAMAYU,PEREMPUAN,940,ORANG,2019
25,32,JAWA BARAT,3213,KABUPATEN SUBANG,LAKI-LAKI,1789,ORANG,2019
26,32,JAWA BARAT,3213,KABUPATEN SUBANG,PEREMPUAN,1453,ORANG,2019
27,32,JAWA BARAT,3214,KABUPATEN PURWAKARTA,LAKI-LAKI,1095,ORANG,2019
28,32,JAWA BARAT,3214,KABUPATEN PURWAKARTA,PEREMPUAN,1049,ORANG,2019
29,32,JAWA BARAT,3215,KABUPATEN KARAWANG,LAKI-LAKI,2935,ORANG,2019
30,32,JAWA BARAT,3215,KABUPATEN KARAWANG,PEREMPUAN,1908,ORANG,2019
31,32,JAWA BARAT,3216,KABUPATEN BEKASI,LAKI-LAKI,2445,ORANG,2019
32,32,JAWA BARAT,3216,KABUPATEN BEKASI,PEREMPUAN,1711,ORANG,2019
33,32,JAWA BARAT,3217,KABUPATEN BANDUNG BARAT,LAKI-LAKI,1124,ORANG,2019
34,32,JAWA BARAT,3217,KABUPATEN BANDUNG BARAT,PEREMPUAN,1001,ORANG,2019
35,32,JAWA BARAT,3218,KABUPATEN PANGANDARAN,LAKI-LAKI,183,ORANG,2019
36,32,JAWA BARAT,3218,KABUPATEN PANGANDARAN,PEREMPUAN,135,ORANG,2019
37,32,JAWA BARAT,3271,KOTA BOGOR,LAKI-LAKI,2010,ORANG,2019
38,32,JAWA BARAT,3271,KOTA BOGOR,PEREMPUAN,1825,ORANG,2019
39,32,JAWA BARAT,3272,KOTA SUKABUMI,LAKI-LAKI,1026,ORANG,2019
40,32,JAWA BARAT,3272,KOTA SUKABUMI,PEREMPUAN,794,ORANG,2019
41,32,JAWA BARAT,3273,KOTA BANDUNG,LAKI-LAKI,6013,ORANG,2019
42,32,JAWA BARAT,3273,KOTA BANDUNG,PEREMPUAN,5946,ORANG,2019
43,32,JAWA BARAT,3274,KOTA CIREBON,LAKI-LAKI,953,ORANG,2019
44,32,JAWA BARAT,3274,KOTA CIREBON,PEREMPUAN,725,ORANG,2019
45,32,JAWA BARAT,3275,KOTA BEKASI,LAKI-LAKI,4187,ORANG,2019
46,32,JAWA BARAT,3275,KOTA BEKASI,PEREMPUAN,3530,ORANG,2019
47,32,JAWA BARAT,3276,KOTA DEPOK,LAKI-LAKI,2513,ORANG,2019
48,32,JAWA BARAT,3276,KOTA DEPOK,PEREMPUAN,2182,ORANG,2019
49,32,JAWA BARAT,3277,KOTA CIMAHI,LAKI-LAKI,1311,ORANG,2019
50,32,JAWA BARAT,3277,KOTA CIMAHI,PEREMPUAN,1256,ORANG,2019
51,32,JAWA BARAT,3278,KOTA TASIKMALAYA,LAKI-LAKI,813,ORANG,2019
52,32,JAWA BARAT,3278,KOTA TASIKMALAYA,PEREMPUAN,621,ORANG,2019
53,32,JAWA BARAT,3279,KOTA BANJAR,LAKI-LAKI,509,ORANG,2019
54,32,JAWA BARAT,3279,KOTA BANJAR,PEREMPUAN,331,ORANG,2019
55,32,JAWA BARAT,3201,KABUPATEN BOGOR,LAKI-LAKI,5682,ORANG,2020
56,32,JAWA BARAT,3201,KABUPATEN BOGOR,PEREMPUAN,4566,ORANG,2020
57,32,JAWA BARAT,3202,KABUPATEN SUKABUMI,LAKI-LAKI,1854,ORANG,2020
58,32,JAWA BARAT,3202,KABUPATEN SUKABUMI,PEREMPUAN,1592,ORANG,2020
59,32,JAWA BARAT,3203,KABUPATEN CIANJUR,LAKI-LAKI,2170,ORANG,2020
60,32,JAWA BARAT,3203,KABUPATEN CIANJUR,PEREMPUAN,1998,ORANG,2020
61,32,JAWA BARAT,3204,KABUPATEN BANDUNG,LAKI-LAKI,3222,ORANG,2020
62,32,JAWA BARAT,3204,KABUPATEN BANDUNG,PEREMPUAN,2894,ORANG,2020
63,32,JAWA BARAT,3205,KABUPATEN GARUT,LAKI-LAKI,1937,ORANG,2020
64,32,JAWA BARAT,3205,KABUPATEN GARUT,PEREMPUAN,1710,ORANG,2020
65,32,JAWA BARAT,3206,KABUPATEN TASIKMALAYA,LAKI-LAKI,1017,ORANG,2020
66,32,JAWA BARAT,3206,KABUPATEN TASIKMALAYA,PEREMPUAN,691,ORANG,2020
67,32,JAWA BARAT,3207,KABUPATEN CIAMIS,LAKI-LAKI,835,ORANG,2020
68,32,JAWA BARAT,3207,KABUPATEN CIAMIS,PEREMPUAN,599,ORANG,2020
69,32,JAWA BARAT,3208,KABUPATEN KUNINGAN,LAKI-LAKI,1086,ORANG,2020
70,32,JAWA BARAT,3208,KABUPATEN KUNINGAN,PEREMPUAN,713,ORANG,2020
71,32,JAWA BARAT,3209,KABUPATEN CIREBON,LAKI-LAKI,2002,ORANG,2020
72,32,JAWA BARAT,3209,KABUPATEN CIREBON,PEREMPUAN,1401,ORANG,2020
73,32,JAWA BARAT,3210,KABUPATEN MAJALENGKA,LAKI-LAKI,998,ORANG,2020
74,32,JAWA BARAT,3210,KABUPATEN MAJALENGKA,PEREMPUAN,760,ORANG,2020
75,32,JAWA BARAT,3211,KABUPATEN SUMEDANG,LAKI-LAKI,705,ORANG,2020
76,32,JAWA BARAT,3211,KABUPATEN SUMEDANG,PEREMPUAN,599,ORANG,2020
77,32,JAWA BARAT,3212,KABUPATEN INDRAMAYU,LAKI-LAKI,897,ORANG,2020
78,32,JAWA BARAT,3212,KABUPATEN INDRAMAYU,PEREMPUAN,599,ORANG,2020
79,32,JAWA BARAT,3213,KABUPATEN SUBANG,LAKI-LAKI,1686,ORANG,2020
80,32,JAWA BARAT,3213,KABUPATEN SUBANG,PEREMPUAN,1375,ORANG,2020
81,32,JAWA BARAT,3214,KABUPATEN PURWAKARTA,LAKI-LAKI,956,ORANG,2020
82,32,JAWA BARAT,3214,KABUPATEN PURWAKARTA,PEREMPUAN,780,ORANG,2020
83,32,JAWA BARAT,3215,KABUPATEN KARAWANG,LAKI-LAKI,2396,ORANG,2020
84,32,JAWA BARAT,3215,KABUPATEN KARAWANG,PEREMPUAN,1600,ORANG,2020
85,32,JAWA BARAT,3216,KABUPATEN BEKASI,LAKI-LAKI,2693,ORANG,2020
86,32,JAWA BARAT,3216,KABUPATEN BEKASI,PEREMPUAN,1911,ORANG,2020
87,32,JAWA BARAT,3217,KABUPATEN BANDUNG BARAT,LAKI-LAKI,749,ORANG,2020
88,32,JAWA BARAT,3217,KABUPATEN BANDUNG BARAT,PEREMPUAN,690,ORANG,2020
89,32,JAWA BARAT,3218,KABUPATEN PANGANDARAN,LAKI-LAKI,214,ORANG,2020
90,32,JAWA BARAT,3218,KABUPATEN PANGANDARAN,PEREMPUAN,144,ORANG,2020
91,32,JAWA BARAT,3271,KOTA BOGOR,LAKI-LAKI,992,ORANG,2020
92,32,JAWA BARAT,3271,KOTA BOGOR,PEREMPUAN,904,ORANG,2020
93,32,JAWA BARAT,3272,KOTA SUKABUMI,LAKI-LAKI,633,ORANG,2020
94,32,JAWA BARAT,3272,KOTA SUKABUMI,PEREMPUAN,590,ORANG,2020
95,32,JAWA BARAT,3273,KOTA BANDUNG,LAKI-LAKI,4233,ORANG,2020
96,32,JAWA BARAT,3273,KOTA BANDUNG,PEREMPUAN,4029,ORANG,2020
97,32,JAWA BARAT,3274,KOTA CIREBON,LAKI-LAKI,706,ORANG,2020
98,32,JAWA BARAT,3274,KOTA CIREBON,PEREMPUAN,496,ORANG,2020
99,32,JAWA BARAT,3275,KOTA BEKASI,LAKI-LAKI,2885,ORANG,2020
100,32,JAWA BARAT,3275,KOTA BEKASI,PEREMPUAN,2338,ORANG,2020
101,32,JAWA BARAT,3276,KOTA DEPOK,LAKI-LAKI,1842,ORANG,2020
102,32,JAWA BARAT,3276,KOTA DEPOK,PEREMPUAN,1469,ORANG,2020
103,32,JAWA BARAT,3277,KOTA CIMAHI,LAKI-LAKI,837,ORANG,2020
104,32,JAWA BARAT,3277,KOTA CIMAHI,PEREMPUAN,882,ORANG,2020
105,32,JAWA BARAT,3278,KOTA TASIKMALAYA,LAKI-LAKI,536,ORANG,2020
106,32,JAWA BARAT,3278,KOTA TASIKMALAYA,PEREMPUAN,427,ORANG,2020
107,32,JAWA BARAT,3279,KOTA BANJAR,LAKI-LAKI,177,ORANG,2020
108,32,JAWA BARAT,3279,KOTA BANJAR,PEREMPUAN,143,ORANG,2020
109,32,JAWA BARAT,3201,KABUPATEN BOGOR,LAKI-LAKI,6538,ORANG,2021
110,32,JAWA BARAT,3201,KABUPATEN BOGOR,PEREMPUAN,5408,ORANG,2021
111,32,JAWA BARAT,3202,KABUPATEN SUKABUMI,LAKI-LAKI,2604,ORANG,2021
112,32,JAWA BARAT,3202,KABUPATEN SUKABUMI,PEREMPUAN,2201,ORANG,2021
113,32,JAWA BARAT,3203,KABUPATEN CIANJUR,LAKI-LAKI,2473,ORANG,2021
114,32,JAWA BARAT,3203,KABUPATEN CIANJUR,PEREMPUAN,2200,ORANG,2021
115,32,JAWA BARAT,3204,KABUPATEN BANDUNG,LAKI-LAKI,2931,ORANG,2021
116,32,JAWA BARAT,3204,KABUPATEN BANDUNG,PEREMPUAN,2777,ORANG,2021
117,32,JAWA BARAT,3205,KABUPATEN GARUT,LAKI-LAKI,2552,ORANG,2021
118,32,JAWA BARAT,3205,KABUPATEN GARUT,PEREMPUAN,2234,ORANG,2021
119,32,JAWA BARAT,3206,KABUPATEN TASIKMALAYA,LAKI-LAKI,1125,ORANG,2021
120,32,JAWA BARAT,3206,KABUPATEN TASIKMALAYA,PEREMPUAN,870,ORANG,2021
121,32,JAWA BARAT,3207,KABUPATEN CIAMIS,LAKI-LAKI,951,ORANG,2021
122,32,JAWA BARAT,3207,KABUPATEN CIAMIS,PEREMPUAN,655,ORANG,2021
123,32,JAWA BARAT,3208,KABUPATEN KUNINGAN,LAKI-LAKI,946,ORANG,2021
124,32,JAWA BARAT,3208,KABUPATEN KUNINGAN,PEREMPUAN,705,ORANG,2021
125,32,JAWA BARAT,3209,KABUPATEN CIREBON,LAKI-LAKI,1975,ORANG,2021
126,32,JAWA BARAT,3209,KABUPATEN CIREBON,PEREMPUAN,1408,ORANG,2021
127,32,JAWA BARAT,3210,KABUPATEN MAJALENGKA,LAKI-LAKI,953,ORANG,2021
128,32,JAWA BARAT,3210,KABUPATEN MAJALENGKA,PEREMPUAN,770,ORANG,2021
129,32,JAWA BARAT,3211,KABUPATEN SUMEDANG,LAKI-LAKI,731,ORANG,2021
130,32,JAWA BARAT,3211,KABUPATEN SUMEDANG,PEREMPUAN,641,ORANG,2021
131,32,JAWA BARAT,3212,KABUPATEN INDRAMAYU,LAKI-LAKI,1042,ORANG,2021
132,32,JAWA BARAT,3212,KABUPATEN INDRAMAYU,PEREMPUAN,659,ORANG,2021
133,32,JAWA BARAT,3213,KABUPATEN SUBANG,LAKI-LAKI,1646,ORANG,2021
134,32,JAWA BARAT,3213,KABUPATEN SUBANG,PEREMPUAN,1266,ORANG,2021
135,32,JAWA BARAT,3214,KABUPATEN PURWAKARTA,LAKI-LAKI,1286,ORANG,2021
136,32,JAWA BARAT,3214,KABUPATEN PURWAKARTA,PEREMPUAN,1124,ORANG,2021
137,32,JAWA BARAT,3215,KABUPATEN KARAWANG,LAKI-LAKI,2705,ORANG,2021
138,32,JAWA BARAT,3215,KABUPATEN KARAWANG,PEREMPUAN,1823,ORANG,2021
139,32,JAWA BARAT,3216,KABUPATEN BEKASI,LAKI-LAKI,2805,ORANG,2021
140,32,JAWA BARAT,3216,KABUPATEN BEKASI,PEREMPUAN,1993,ORANG,2021
141,32,JAWA BARAT,3217,KABUPATEN BANDUNG BARAT,LAKI-LAKI,904,ORANG,2021
142,32,JAWA BARAT,3217,KABUPATEN BANDUNG BARAT,PEREMPUAN,832,ORANG,2021
143,32,JAWA BARAT,3218,KABUPATEN PANGANDARAN,LAKI-LAKI,239,ORANG,2021
144,32,JAWA BARAT,3218,KABUPATEN PANGANDARAN,PEREMPUAN,171,ORANG,2021
145,32,JAWA BARAT,3271,KOTA BOGOR,LAKI-LAKI,788,ORANG,2021
146,32,JAWA BARAT,3271,KOTA BOGOR,PEREMPUAN,2190,ORANG,2021
147,32,JAWA BARAT,3272,KOTA SUKABUMI,LAKI-LAKI,633,ORANG,2021
148,32,JAWA BARAT,3272,KOTA SUKABUMI,PEREMPUAN,590,ORANG,2021
149,32,JAWA BARAT,3273,KOTA BANDUNG,LAKI-LAKI,4367,ORANG,2021
150,32,JAWA BARAT,3273,KOTA BANDUNG,PEREMPUAN,4552,ORANG,2021
151,32,JAWA BARAT,3274,KOTA CIREBON,LAKI-LAKI,1085,ORANG,2021
152,32,JAWA BARAT,3274,KOTA CIREBON,PEREMPUAN,825,ORANG,2021
153,32,JAWA BARAT,3275,KOTA BEKASI,LAKI-LAKI,3322,ORANG,2021
154,32,JAWA BARAT,3275,KOTA BEKASI,PEREMPUAN,2729,ORANG,2021
155,32,JAWA BARAT,3276,KOTA DEPOK,LAKI-LAKI,2121,ORANG,2021
156,32,JAWA BARAT,3276,KOTA DEPOK,PEREMPUAN,1921,ORANG,2021
157,32,JAWA BARAT,3277,KOTA CIMAHI,LAKI-LAKI,851,ORANG,2021
158,32,JAWA BARAT,3277,KOTA CIMAHI,PEREMPUAN,931,ORANG,2021
159,32,JAWA BARAT,3278,KOTA TASIKMALAYA,LAKI-LAKI,802,ORANG,2021
160,32,JAWA BARAT,3278,KOTA TASIKMALAYA,PEREMPUAN,674,ORANG,2021
161,32,JAWA BARAT,3279,KOTA BANJAR,LAKI-LAKI,169,ORANG,2021
162,32,JAWA BARAT,3279,KOTA BANJAR,PEREMPUAN,100,ORANG,2021
163,32,JAWA BARAT,3201,KABUPATEN BOGOR,LAKI-LAKI,11674,ORANG,2022
164,32,JAWA BARAT,3201,KABUPATEN BOGOR,PEREMPUAN,9842,ORANG,2022
165,32,JAWA BARAT,3202,KABUPATEN SUKABUMI,LAKI-LAKI,4097,ORANG,2022
166,32,JAWA BARAT,3202,KABUPATEN SUKABUMI,PEREMPUAN,3394,ORANG,2022
167,32,JAWA BARAT,3203,KABUPATEN CIANJUR,LAKI-LAKI,3787,ORANG,2022
168,32,JAWA BARAT,3203,KABUPATEN CIANJUR,PEREMPUAN,3272,ORANG,2022
169,32,JAWA BARAT,3204,KABUPATEN BANDUNG,LAKI-LAKI,5660,ORANG,2022
170,32,JAWA BARAT,3204,KABUPATEN BANDUNG,PEREMPUAN,4990,ORANG,2022
171,32,JAWA BARAT,3205,KABUPATEN GARUT,LAKI-LAKI,4229,ORANG,2022
172,32,JAWA BARAT,3205,KABUPATEN GARUT,PEREMPUAN,3691,ORANG,2022
173,32,JAWA BARAT,3206,KABUPATEN TASIKMALAYA,LAKI-LAKI,1868,ORANG,2022
174,32,JAWA BARAT,3206,KABUPATEN TASIKMALAYA,PEREMPUAN,1242,ORANG,2022
175,32,JAWA BARAT,3207,KABUPATEN CIAMIS,LAKI-LAKI,1720,ORANG,2022
176,32,JAWA BARAT,3207,KABUPATEN CIAMIS,PEREMPUAN,1226,ORANG,2022
177,32,JAWA BARAT,3208,KABUPATEN KUNINGAN,LAKI-LAKI,1340,ORANG,2022
178,32,JAWA BARAT,3208,KABUPATEN KUNINGAN,PEREMPUAN,1101,ORANG,2022
179,32,JAWA BARAT,3209,KABUPATEN CIREBON,LAKI-LAKI,4061,ORANG,2022
180,32,JAWA BARAT,3209,KABUPATEN CIREBON,PEREMPUAN,2920,ORANG,2022
181,32,JAWA BARAT,3210,KABUPATEN MAJALENGKA,LAKI-LAKI,1707,ORANG,2022
182,32,JAWA BARAT,3210,KABUPATEN MAJALENGKA,PEREMPUAN,1455,ORANG,2022
183,32,JAWA BARAT,3211,KABUPATEN SUMEDANG,LAKI-LAKI,1338,ORANG,2022
184,32,JAWA BARAT,3211,KABUPATEN SUMEDANG,PEREMPUAN,1163,ORANG,2022
185,32,JAWA BARAT,3212,KABUPATEN INDRAMAYU,LAKI-LAKI,1666,ORANG,2022
186,32,JAWA BARAT,3212,KABUPATEN INDRAMAYU,PEREMPUAN,1063,ORANG,2022
187,32,JAWA BARAT,3213,KABUPATEN SUBANG,LAKI-LAKI,2682,ORANG,2022
188,32,JAWA BARAT,3213,KABUPATEN SUBANG,PEREMPUAN,2087,ORANG,2022
189,32,JAWA BARAT,3214,KABUPATEN PURWAKARTA,LAKI-LAKI,2524,ORANG,2022
190,32,JAWA BARAT,3214,KABUPATEN PURWAKARTA,PEREMPUAN,2065,ORANG,2022
191,32,JAWA BARAT,3215,KABUPATEN KARAWANG,LAKI-LAKI,4736,ORANG,2022
192,32,JAWA BARAT,3215,KABUPATEN KARAWANG,PEREMPUAN,3284,ORANG,2022
193,32,JAWA BARAT,3216,KABUPATEN BEKASI,LAKI-LAKI,4858,ORANG,2022
194,32,JAWA BARAT,3216,KABUPATEN BEKASI,PEREMPUAN,3521,ORANG,2022
195,32,JAWA BARAT,3217,KABUPATEN BANDUNG BARAT,LAKI-LAKI,1531,ORANG,2022
196,32,JAWA BARAT,3217,KABUPATEN BANDUNG BARAT,PEREMPUAN,1512,ORANG,2022
197,32,JAWA BARAT,3218,KABUPATEN PANGANDARAN,LAKI-LAKI,413,ORANG,2022
198,32,JAWA BARAT,3218,KABUPATEN PANGANDARAN,PEREMPUAN,321,ORANG,2022
199,32,JAWA BARAT,3271,KOTA BOGOR,LAKI-LAKI,3988,ORANG,2022
200,32,JAWA BARAT,3271,KOTA BOGOR,PEREMPUAN,3752,ORANG,2022
201,32,JAWA BARAT,3272,KOTA SUKABUMI,LAKI-LAKI,1229,ORANG,2022
202,32,JAWA BARAT,3272,KOTA SUKABUMI,PEREMPUAN,1154,ORANG,2022
203,32,JAWA BARAT,3273,KOTA BANDUNG,LAKI-LAKI,7337,ORANG,2022
204,32,JAWA BARAT,3273,KOTA BANDUNG,PEREMPUAN,7204,ORANG,2022
205,32,JAWA BARAT,3274,KOTA CIREBON,LAKI-LAKI,1519,ORANG,2022
206,32,JAWA BARAT,3274,KOTA CIREBON,PEREMPUAN,1241,ORANG,2022
207,32,JAWA BARAT,3275,KOTA BEKASI,LAKI-LAKI,6039,ORANG,2022
208,32,JAWA BARAT,3275,KOTA BEKASI,PEREMPUAN,4708,ORANG,2022
209,32,JAWA BARAT,3276,KOTA DEPOK,LAKI-LAKI,3463,ORANG,2022
210,32,JAWA BARAT,3276,KOTA DEPOK,PEREMPUAN,3086,ORANG,2022
211,32,JAWA BARAT,3277,KOTA CIMAHI,LAKI-LAKI,2188,ORANG,2022
212,32,JAWA BARAT,3277,KOTA CIMAHI,PEREMPUAN,2133,ORANG,2022
213,32,JAWA BARAT,3278,KOTA TASIKMALAYA,LAKI-LAKI,1510,ORANG,2022
214,32,JAWA BARAT,3278,KOTA TASIKMALAYA,PEREMPUAN,1328,ORANG,2022
215,32,JAWA BARAT,3279,KOTA BANJAR,LAKI-LAKI,452,ORANG,2022
216,32,JAWA BARAT,3279,KOTA BANJAR,PEREMPUAN,290,ORANG,2022
217,32,JAWA BARAT,3201,KABUPATEN BOGOR,LAKI-LAKI,15142,ORANG,2023
218,32,JAWA BARAT,3201,KABUPATEN BOGOR,PEREMPUAN,12548,ORANG,2023
219,32,JAWA BARAT,3202,KABUPATEN SUKABUMI,LAKI-LAKI,6077,ORANG,2023
220,32,JAWA BARAT,3202,KABUPATEN SUKABUMI,PEREMPUAN,4873,ORANG,2023
221,32,JAWA BARAT,3203,KABUPATEN CIANJUR,LAKI-LAKI,4966,ORANG,2023
222,32,JAWA BARAT,3203,KABUPATEN CIANJUR,PEREMPUAN,4361,ORANG,2023
223,32,JAWA BARAT,3204,KABUPATEN BANDUNG,LAKI-LAKI,6740,ORANG,2023
224,32,JAWA BARAT,3204,KABUPATEN BANDUNG,PEREMPUAN,5957,ORANG,2023
225,32,JAWA BARAT,3205,KABUPATEN GARUT,LAKI-LAKI,4519,ORANG,2023
226,32,JAWA BARAT,3205,KABUPATEN GARUT,PEREMPUAN,4096,ORANG,2023
227,32,JAWA BARAT,3206,KABUPATEN TASIKMALAYA,LAKI-LAKI,2084,ORANG,2023
228,32,JAWA BARAT,3206,KABUPATEN TASIKMALAYA,PEREMPUAN,1444,ORANG,2023
229,32,JAWA BARAT,3207,KABUPATEN CIAMIS,LAKI-LAKI,1800,ORANG,2023
230,32,JAWA BARAT,3207,KABUPATEN CIAMIS,PEREMPUAN,1242,ORANG,2023
231,32,JAWA BARAT,3208,KABUPATEN KUNINGAN,LAKI-LAKI,2115,ORANG,2023
232,32,JAWA BARAT,3208,KABUPATEN KUNINGAN,PEREMPUAN,1590,ORANG,2023
233,32,JAWA BARAT,3209,KABUPATEN CIREBON,LAKI-LAKI,4809,ORANG,2023
234,32,JAWA BARAT,3209,KABUPATEN CIREBON,PEREMPUAN,3429,ORANG,2023
235,32,JAWA BARAT,3210,KABUPATEN MAJALENGKA,LAKI-LAKI,2449,ORANG,2023
236,32,JAWA BARAT,3210,KABUPATEN MAJALENGKA,PEREMPUAN,1869,ORANG,2023
237,32,JAWA BARAT,3211,KABUPATEN SUMEDANG,LAKI-LAKI,1697,ORANG,2023
238,32,JAWA BARAT,3211,KABUPATEN SUMEDANG,PEREMPUAN,1323,ORANG,2023
239,32,JAWA BARAT,3212,KABUPATEN INDRAMAYU,LAKI-LAKI,3121,ORANG,2023
240,32,JAWA BARAT,3212,KABUPATEN INDRAMAYU,PEREMPUAN,2027,ORANG,2023
241,32,JAWA BARAT,3213,KABUPATEN SUBANG,LAKI-LAKI,3208,ORANG,2023
242,32,JAWA BARAT,3213,KABUPATEN SUBANG,PEREMPUAN,2458,ORANG,2023
243,32,JAWA BARAT,3214,KABUPATEN PURWAKARTA,LAKI-LAKI,3121,ORANG,2023
244,32,JAWA BARAT,3214,KABUPATEN PURWAKARTA,PEREMPUAN,2486,ORANG,2023
245,32,JAWA BARAT,3215,KABUPATEN KARAWANG,LAKI-LAKI,7407,ORANG,2023
246,32,JAWA BARAT,3215,KABUPATEN KARAWANG,PEREMPUAN,5461,ORANG,2023
247,32,JAWA BARAT,3216,KABUPATEN BEKASI,LAKI-LAKI,7745,ORANG,2023
248,32,JAWA BARAT,3216,KABUPATEN BEKASI,PEREMPUAN,5770,ORANG,2023
249,32,JAWA BARAT,3217,KABUPATEN BANDUNG BARAT,LAKI-LAKI,2166,ORANG,2023
250,32,JAWA BARAT,3217,KABUPATEN BANDUNG BARAT,PEREMPUAN,2012,ORANG,2023
251,32,JAWA BARAT,3218,KABUPATEN PANGANDARAN,LAKI-LAKI,551,ORANG,2023
252,32,JAWA BARAT,3218,KABUPATEN PANGANDARAN,PEREMPUAN,403,ORANG,2023
253,32,JAWA BARAT,3271,KOTA BOGOR,LAKI-LAKI,5459,ORANG,2023
254,32,JAWA BARAT,3271,KOTA BOGOR,PEREMPUAN,4895,ORANG,2023
255,32,JAWA BARAT,3272,KOTA SUKABUMI,LAKI-LAKI,1796,ORANG,2023
256,32,JAWA BARAT,3272,KOTA SUKABUMI,PEREMPUAN,1635,ORANG,2023
257,32,JAWA BARAT,3273,KOTA BANDUNG,LAKI-LAKI,9355,ORANG,2023
258,32,JAWA BARAT,3273,KOTA BANDUNG,PEREMPUAN,8972,ORANG,2023
259,32,JAWA BARAT,3274,KOTA CIREBON,LAKI-LAKI,2298,ORANG,2023
260,32,JAWA BARAT,3274,KOTA CIREBON,PEREMPUAN,1829,ORANG,2023
261,32,JAWA BARAT,3275,KOTA BEKASI,LAKI-LAKI,7980,ORANG,2023
262,32,JAWA BARAT,3275,KOTA BEKASI,PEREMPUAN,6299,ORANG,2023
263,32,JAWA BARAT,3276,KOTA DEPOK,LAKI-LAKI,4255,ORANG,2023
264,32,JAWA BARAT,3276,KOTA DEPOK,PEREMPUAN,3594,ORANG,2023
265,32,JAWA BARAT,3277,KOTA CIMAHI,LAKI-LAKI,2260,ORANG,2023
266,32,JAWA BARAT,3277,KOTA CIMAHI,PEREMPUAN,2342,ORANG,2023
267,32,JAWA BARAT,3278,KOTA TASIKMALAYA,LAKI-LAKI,2590,ORANG,2023
268,32,JAWA BARAT,3278,KOTA TASIKMALAYA,PEREMPUAN,2159,ORANG,2023
269,32,JAWA BARAT,3279,KOTA BANJAR,LAKI-LAKI,720,ORANG,2023
270,32,JAWA BARAT,3279,KOTA BANJAR,PEREMPUAN,455,ORANG,2023
271,32,JAWA BARAT,3201,KABUPATEN BOGOR,LAKI-LAKI,16212,ORANG,2024
272,32,JAWA BARAT,3201,KABUPATEN BOGOR,PEREMPUAN,12898,ORANG,2024
273,32,JAWA BARAT,3202,KABUPATEN SUKABUMI,LAKI-LAKI,6859,ORANG,2024
274,32,JAWA BARAT,3202,KABUPATEN SUKABUMI,PEREMPUAN,5552,ORANG,2024
275,32,JAWA BARAT,3203,KABUPATEN CIANJUR,LAKI-LAKI,6450,ORANG,2024
276,32,JAWA BARAT,3203,KABUPATEN CIANJUR,PEREMPUAN,5747,ORANG,2024
277,32,JAWA BARAT,3204,KABUPATEN BANDUNG,LAKI-LAKI,7415,ORANG,2024
278,32,JAWA BARAT,3204,KABUPATEN BANDUNG,PEREMPUAN,6597,ORANG,2024
279,32,JAWA BARAT,3205,KABUPATEN GARUT,LAKI-LAKI,5119,ORANG,2024
280,32,JAWA BARAT,3205,KABUPATEN GARUT,PEREMPUAN,4397,ORANG,2024
281,32,JAWA BARAT,3206,KABUPATEN TASIKMALAYA,LAKI-LAKI,2832,ORANG,2024
282,32,JAWA BARAT,3206,KABUPATEN TASIKMALAYA,PEREMPUAN,2049,ORANG,2024
283,32,JAWA BARAT,3207,KABUPATEN CIAMIS,LAKI-LAKI,2041,ORANG,2024
284,32,JAWA BARAT,3207,KABUPATEN CIAMIS,PEREMPUAN,1436,ORANG,2024
285,32,JAWA BARAT,3208,KABUPATEN KUNINGAN,LAKI-LAKI,2294,ORANG,2024
286,32,JAWA BARAT,3208,KABUPATEN KUNINGAN,PEREMPUAN,1751,ORANG,2024
287,32,JAWA BARAT,3209,KABUPATEN CIREBON,LAKI-LAKI,5610,ORANG,2024
288,32,JAWA BARAT,3209,KABUPATEN CIREBON,PEREMPUAN,3977,ORANG,2024
289,32,JAWA BARAT,3210,KABUPATEN MAJALENGKA,LAKI-LAKI,2506,ORANG,2024
290,32,JAWA BARAT,3210,KABUPATEN MAJALENGKA,PEREMPUAN,2011,ORANG,2024
291,32,JAWA BARAT,3211,KABUPATEN SUMEDANG,LAKI-LAKI,2148,ORANG,2024
292,32,JAWA BARAT,3211,KABUPATEN SUMEDANG,PEREMPUAN,1782,ORANG,2024
293,32,JAWA BARAT,3212,KABUPATEN INDRAMAYU,LAKI-LAKI,3689,ORANG,2024
294,32,JAWA BARAT,3212,KABUPATEN INDRAMAYU,PEREMPUAN,2403,ORANG,2024
295,32,JAWA BARAT,3213,KABUPATEN SUBANG,LAKI-LAKI,3607,ORANG,2024
296,32,JAWA BARAT,3213,KABUPATEN SUBANG,PEREMPUAN,2714,ORANG,2024
297,32,JAWA BARAT,3214,KABUPATEN PURWAKARTA,LAKI-LAKI,2578,ORANG,2024
298,32,JAWA BARAT,3214,KABUPATEN PURWAKARTA,PEREMPUAN,2109,ORANG,2024
299,32,JAWA BARAT,3215,KABUPATEN KARAWANG,LAKI-LAKI,7868,ORANG,2024
300,32,JAWA BARAT,3215,KABUPATEN KARAWANG,PEREMPUAN,5606,ORANG,2024
301,32,JAWA BARAT,3216,KABUPATEN BEKASI,LAKI-LAKI,9035,ORANG,2024
302,32,JAWA BARAT,3216,KABUPATEN BEKASI,PEREMPUAN,6423,ORANG,2024
303,32,JAWA BARAT,3217,KABUPATEN BANDUNG BARAT,LAKI-LAKI,2313,ORANG,2024
304,32,JAWA BARAT,3217,KABUPATEN BANDUNG BARAT,PEREMPUAN,2256,ORANG,2024
305,32,JAWA BARAT,3218,KABUPATEN PANGANDARAN,LAKI-LAKI,576,ORANG,2024
306,32,JAWA BARAT,3218,KABUPATEN PANGANDARAN,PEREMPUAN,392,ORANG,2024
307,32,JAWA BARAT,3271,KOTA BOGOR,LAKI-LAKI,6198,ORANG,2024
308,32,JAWA BARAT,3271,KOTA BOGOR,PEREMPUAN,5220,ORANG,2024
309,32,JAWA BARAT,3272,KOTA SUKABUMI,LAKI-LAKI,1899,ORANG,2024
310,32,JAWA BARAT,3272,KOTA SUKABUMI,PEREMPUAN,1578,ORANG,2024
311,32,JAWA BARAT,3273,KOTA BANDUNG,LAKI-LAKI,9635,ORANG,2024
312,32,JAWA BARAT,3273,KOTA BANDUNG,PEREMPUAN,8992,ORANG,2024
313,32,JAWA BARAT,3274,KOTA CIREBON,LAKI-LAKI,2316,ORANG,2024
314,32,JAWA BARAT,3274,KOTA CIREBON,PEREMPUAN,1806,ORANG,2024
315,32,JAWA BARAT,3275,KOTA BEKASI,LAKI-LAKI,7625,ORANG,2024
316,32,JAWA BARAT,3275,KOTA BEKASI,PEREMPUAN,6015,ORANG,2024
317,32,JAWA BARAT,3276,KOTA DEPOK,LAKI-LAKI,4671,ORANG,2024
318,32,JAWA BARAT,3276,KOTA DEPOK,PEREMPUAN,3751,ORANG,2024
319,32,JAWA BARAT,3277,KOTA CIMAHI,LAKI-LAKI,2346,ORANG,2024
320,32,JAWA BARAT,3277,KOTA CIMAHI,PEREMPUAN,2167,ORANG,2024
321,32,JAWA BARAT,3278,KOTA TASIKMALAYA,LAKI-LAKI,2552,ORANG,2024
322,32,JAWA BARAT,3278,KOTA TASIKMALAYA,PEREMPUAN,2141,ORANG,2024
323,32,JAWA BARAT,3279,KOTA BANJAR,LAKI-LAKI,901,ORANG,2024
324,32,JAWA BARAT,3279,KOTA BANJAR,PEREMPUAN,618,ORANG,2024
